state_loss,action_loss
0.04899792745709419,0.022717563435435295
0.04149933159351349,0.037338417023420334
